"filename", "language", "Vento", "SCSS", "TypeScript", "JavaScript", "Markdown", "Shell Script", "Go Module File", "YAML", "comment", "blank", "total"
"c:\Users\awa\Documents\coding\awasome-website-01\._archevedued\__.eleventy.js", "JavaScript", 0, 0, 0, 109, 0, 0, 0, 0, 29, 46, 184
"c:\Users\awa\Documents\coding\awasome-website-01\._archevedued\__src\awarium\cells.ts", "TypeScript", 0, 0, 273, 0, 0, 0, 0, 0, 287, 90, 650
"c:\Users\awa\Documents\coding\awasome-website-01\._archevedued\__src\awarium\global.ts", "TypeScript", 0, 0, 46, 0, 0, 0, 0, 0, 11, 23, 80
"c:\Users\awa\Documents\coding\awasome-website-01\._archevedued\__src\awarium\layers.ts", "TypeScript", 0, 0, 89, 0, 0, 0, 0, 0, 11, 35, 135
"c:\Users\awa\Documents\coding\awasome-website-01\._archevedued\__src\awarium\main.ts", "TypeScript", 0, 0, 134, 0, 0, 0, 0, 0, 69, 72, 275
"c:\Users\awa\Documents\coding\awasome-website-01\._archevedued\__src\index.html", "Vento", 85, 0, 0, 0, 0, 0, 0, 0, 2, 19, 106
"c:\Users\awa\Documents\coding\awasome-website-01\._archevedued\__src\main.js", "JavaScript", 0, 0, 0, 127, 0, 0, 0, 0, 50, 1, 178
"c:\Users\awa\Documents\coding\awasome-website-01\._archevedued\__src\main.scss", "SCSS", 0, 135, 0, 0, 0, 0, 0, 0, 36, 25, 196
"c:\Users\awa\Documents\coding\awasome-website-01\._archevedued\__src\main.ts", "TypeScript", 0, 0, 141, 0, 0, 0, 0, 0, 50, 41, 232
"c:\Users\awa\Documents\coding\awasome-website-01\._archevedued\__src\modules\_data\global.js", "JavaScript", 0, 0, 0, 0, 0, 0, 0, 0, 0, 1, 1
"c:\Users\awa\Documents\coding\awasome-website-01\._archevedued\__src\modules\_includes\head.html", "Vento", 24, 0, 0, 0, 0, 0, 0, 0, 31, 17, 72
"c:\Users\awa\Documents\coding\awasome-website-01\._archevedued\__src\modules\_includes\logo-text.html", "Vento", 16, 0, 0, 0, 0, 0, 0, 0, 0, 0, 16
"c:\Users\awa\Documents\coding\awasome-website-01\._archevedued\__src\modules\_includes\theme-script.html", "Vento", 19, 0, 0, 0, 0, 0, 0, 0, 0, 2, 21
"c:\Users\awa\Documents\coding\awasome-website-01\._archevedued\__src\modules\_includes\theme-select.html", "Vento", 8, 0, 0, 0, 0, 0, 0, 0, 0, 0, 8
"c:\Users\awa\Documents\coding\awasome-website-01\._archevedued\__src\modules\_styles\_bundled.scss", "SCSS", 0, 6, 0, 0, 0, 0, 0, 0, 1, 1, 8
"c:\Users\awa\Documents\coding\awasome-website-01\._archevedued\__src\modules\_styles\_colors.scss", "SCSS", 0, 80, 0, 0, 0, 0, 0, 0, 25, 18, 123
"c:\Users\awa\Documents\coding\awasome-website-01\._archevedued\__src\modules\_styles\_fonts.scss", "SCSS", 0, 18, 0, 0, 0, 0, 0, 0, 0, 3, 21
"c:\Users\awa\Documents\coding\awasome-website-01\._archevedued\__src\modules\_styles\_functions.scss", "SCSS", 0, 18, 0, 0, 0, 0, 0, 0, 8, 15, 41
"c:\Users\awa\Documents\coding\awasome-website-01\._archevedued\__src\modules\_styles\_mixins.scss", "SCSS", 0, 23, 0, 0, 0, 0, 0, 0, 3, 4, 30
"c:\Users\awa\Documents\coding\awasome-website-01\._archevedued\__src\modules\_styles\_reset.scss", "SCSS", 0, 50, 0, 0, 0, 0, 0, 0, 6, 2, 58
"c:\Users\awa\Documents\coding\awasome-website-01\._archevedued\__src\modules\_styles\_theme.scss", "SCSS", 0, 58, 0, 0, 0, 0, 0, 0, 4, 5, 67
"c:\Users\awa\Documents\coding\awasome-website-01\._archevedued\_src\pages\awarium\cells.ts", "TypeScript", 0, 0, 273, 0, 0, 0, 0, 0, 287, 90, 650
"c:\Users\awa\Documents\coding\awasome-website-01\._archevedued\_src\pages\awarium\global.ts", "TypeScript", 0, 0, 46, 0, 0, 0, 0, 0, 11, 23, 80
"c:\Users\awa\Documents\coding\awasome-website-01\._archevedued\_src\pages\awarium\layers.ts", "TypeScript", 0, 0, 89, 0, 0, 0, 0, 0, 11, 35, 135
"c:\Users\awa\Documents\coding\awasome-website-01\._archevedued\_src\pages\awarium\main.ts", "TypeScript", 0, 0, 134, 0, 0, 0, 0, 0, 69, 72, 275
"c:\Users\awa\Documents\coding\awasome-website-01\._archevedued\afterBuild.js", "JavaScript", 0, 0, 0, 0, 0, 0, 0, 0, 7, 5, 12
"c:\Users\awa\Documents\coding\awasome-website-01\._archevedued\awarium\cells.js", "JavaScript", 0, 0, 0, 283, 0, 0, 0, 0, 277, 1, 561
"c:\Users\awa\Documents\coding\awasome-website-01\._archevedued\awarium\cells.ts", "TypeScript", 0, 0, 273, 0, 0, 0, 0, 0, 287, 90, 650
"c:\Users\awa\Documents\coding\awasome-website-01\._archevedued\awarium\global.js", "JavaScript", 0, 0, 0, 49, 0, 0, 0, 0, 11, 1, 61
"c:\Users\awa\Documents\coding\awasome-website-01\._archevedued\awarium\global.ts", "TypeScript", 0, 0, 46, 0, 0, 0, 0, 0, 11, 23, 80
"c:\Users\awa\Documents\coding\awasome-website-01\._archevedued\awarium\index.html", "Vento", 31, 0, 0, 0, 0, 0, 0, 0, 0, 8, 39
"c:\Users\awa\Documents\coding\awasome-website-01\._archevedued\awarium\layers.js", "JavaScript", 0, 0, 0, 91, 0, 0, 0, 0, 9, 1, 101
"c:\Users\awa\Documents\coding\awasome-website-01\._archevedued\awarium\layers.ts", "TypeScript", 0, 0, 89, 0, 0, 0, 0, 0, 11, 35, 135
"c:\Users\awa\Documents\coding\awasome-website-01\._archevedued\awarium\main.js", "JavaScript", 0, 0, 0, 146, 0, 0, 0, 0, 69, 1, 216
"c:\Users\awa\Documents\coding\awasome-website-01\._archevedued\awarium\main.scss", "SCSS", 0, 45, 0, 0, 0, 0, 0, 0, 8, 9, 62
"c:\Users\awa\Documents\coding\awasome-website-01\._archevedued\awarium\main.ts", "TypeScript", 0, 0, 134, 0, 0, 0, 0, 0, 69, 72, 275
"c:\Users\awa\Documents\coding\awasome-website-01\._archevedued\beforeBuild.js", "JavaScript", 0, 0, 0, 5, 0, 0, 0, 0, 21, 13, 39
"c:\Users\awa\Documents\coding\awasome-website-01\._archevedued\gamelooptest\index.html", "Vento", 16, 0, 0, 0, 0, 0, 0, 0, 0, 6, 22
"c:\Users\awa\Documents\coding\awasome-website-01\._archevedued\gamelooptest\main.scss", "SCSS", 0, 19, 0, 0, 0, 0, 0, 0, 0, 8, 27
"c:\Users\awa\Documents\coding\awasome-website-01\._archevedued\gamelooptest\main.ts", "TypeScript", 0, 0, 163, 0, 0, 0, 0, 0, 29, 61, 253
"c:\Users\awa\Documents\coding\awasome-website-01\._archevedued\go\go.mod", "Go Module File", 0, 0, 0, 0, 0, 0, 2, 0, 0, 2, 4
"c:\Users\awa\Documents\coding\awasome-website-01\._archevedued\go\wasm_exec.js", "JavaScript", 0, 0, 0, 478, 0, 0, 0, 0, 36, 62, 576
"c:\Users\awa\Documents\coding\awasome-website-01\._archevedued\go\wasm_exec_types.d.ts", "TypeScript", 0, 0, 13, 0, 0, 0, 0, 0, 4, 2, 19
"c:\Users\awa\Documents\coding\awasome-website-01\._archevedued\misc\.12.js", "JavaScript", 0, 0, 0, 212, 0, 0, 0, 0, 353, 74, 639
"c:\Users\awa\Documents\coding\awasome-website-01\._archevedued\misc\Untitled-1.js", "JavaScript", 0, 0, 0, 77, 0, 0, 0, 0, 90, 1, 168
"c:\Users\awa\Documents\coding\awasome-website-01\._archevedued\misc\Untitled-1.ts", "TypeScript", 0, 0, 68, 0, 0, 0, 0, 0, 90, 24, 182
"c:\Users\awa\Documents\coding\awasome-website-01\._archevedued\misc\Untitled-2.js", "JavaScript", 0, 0, 0, 1, 0, 0, 0, 0, 41, 1, 43
"c:\Users\awa\Documents\coding\awasome-website-01\._archevedued\misc\Untitled-2.ts", "TypeScript", 0, 0, 1, 0, 0, 0, 0, 0, 41, 4, 46
"c:\Users\awa\Documents\coding\awasome-website-01\._archevedued\misc\_colors.scss", "SCSS", 0, 77, 0, 0, 0, 0, 0, 0, 16, 24, 117
"c:\Users\awa\Documents\coding\awasome-website-01\._archevedued\misc\index.html", "Vento", 14, 0, 0, 0, 0, 0, 0, 0, 0, 1, 15
"c:\Users\awa\Documents\coding\awasome-website-01\._archevedued\misc\template.js", "JavaScript", 0, 0, 0, 7, 0, 0, 0, 0, 0, 7, 14
"c:\Users\awa\Documents\coding\awasome-website-01\._archevedued\misc\test.js", "JavaScript", 0, 0, 0, 75, 0, 0, 0, 0, 5, 9, 89
"c:\Users\awa\Documents\coding\awasome-website-01\._archevedued\misc\test2.js", "JavaScript", 0, 0, 0, 164, 0, 0, 0, 0, 5, 13, 182
"c:\Users\awa\Documents\coding\awasome-website-01\._archevedued\misc\test3.js", "JavaScript", 0, 0, 0, 14, 0, 0, 0, 0, 2, 4, 20
"c:\Users\awa\Documents\coding\awasome-website-01\._archevedued\misc\util.js", "JavaScript", 0, 0, 0, 37, 0, 0, 0, 0, 49, 25, 111
"c:\Users\awa\Documents\coding\awasome-website-01\._archevedued\oldengine\.eleventy.js", "JavaScript", 0, 0, 0, 37, 0, 0, 0, 0, 47, 18, 102
"c:\Users\awa\Documents\coding\awasome-website-01\._archevedued\oldengine\11ty-plugin-image.js", "JavaScript", 0, 0, 0, 119, 0, 0, 0, 0, 36, 34, 189
"c:\Users\awa\Documents\coding\awasome-website-01\._archevedued\oldengine\11ty-plugin-sass.js", "JavaScript", 0, 0, 0, 39, 0, 0, 0, 0, 84, 20, 143
"c:\Users\awa\Documents\coding\awasome-website-01\._archevedued\oldengine\11ty-postprocessors.js", "JavaScript", 0, 0, 0, 31, 0, 0, 0, 0, 14, 15, 60
"c:\Users\awa\Documents\coding\awasome-website-01\._archevedued\oldengine\11ty-preprocessors.js", "JavaScript", 0, 0, 0, 38, 0, 0, 0, 0, 15, 9, 62
"c:\Users\awa\Documents\coding\awasome-website-01\._archevedued\oldengine\build-compile-util.js", "JavaScript", 0, 0, 0, 21, 0, 0, 0, 0, 13, 11, 45
"c:\Users\awa\Documents\coding\awasome-website-01\._archevedued\oldengine\build-esbuild.js", "JavaScript", 0, 0, 0, 39, 0, 0, 0, 0, 22, 16, 77
"c:\Users\awa\Documents\coding\awasome-website-01\._archevedued\oldengine\build-logger.js", "JavaScript", 0, 0, 0, 45, 0, 0, 0, 0, 25, 20, 90
"c:\Users\awa\Documents\coding\awasome-website-01\._archevedued\oldengine\build-wrapper.js", "JavaScript", 0, 0, 0, 0, 0, 0, 0, 0, 9, 2, 11
"c:\Users\awa\Documents\coding\awasome-website-01\._archevedued\oldengine\build.js", "JavaScript", 0, 0, 0, 91, 0, 0, 0, 0, 63, 50, 204
"c:\Users\awa\Documents\coding\awasome-website-01\._archevedued\oldengine\config.js", "JavaScript", 0, 0, 0, 67, 0, 0, 0, 0, 17, 29, 113
"c:\Users\awa\Documents\coding\awasome-website-01\._archevedued\pages.11tydata.js", "JavaScript", 0, 0, 0, 8, 0, 0, 0, 0, 26, 1, 35
"c:\Users\awa\Documents\coding\awasome-website-01\._archevedued\plugin_11ty_vento.js", "JavaScript", 0, 0, 0, 33, 0, 0, 0, 0, 41, 13, 87
"c:\Users\awa\Documents\coding\awasome-website-01\._archevedued\print-dist-tree.js", "JavaScript", 0, 0, 0, 149, 0, 0, 0, 0, 43, 72, 264
"c:\Users\awa\Documents\coding\awasome-website-01\._archevedued\template\index.html", "Vento", 13, 0, 0, 0, 0, 0, 0, 0, 0, 5, 18
"c:\Users\awa\Documents\coding\awasome-website-01\._archevedued\template\main.js", "JavaScript", 0, 0, 0, 3, 0, 0, 0, 0, 0, 1, 4
"c:\Users\awa\Documents\coding\awasome-website-01\._archevedued\template\main.scss", "SCSS", 0, 16, 0, 0, 0, 0, 0, 0, 0, 8, 24
"c:\Users\awa\Documents\coding\awasome-website-01\._archevedued\template\main.ts", "TypeScript", 0, 0, 2, 0, 0, 0, 0, 0, 0, 2, 4
"c:\Users\awa\Documents\coding\awasome-website-01\._archevedued\test.js", "JavaScript", 0, 0, 0, 14, 0, 0, 0, 0, 79, 39, 132
"c:\Users\awa\Documents\coding\awasome-website-01\.github\workflows\build.yaml", "YAML", 0, 0, 0, 0, 0, 0, 0, 43, 9, 6, 58
"c:\Users\awa\Documents\coding\awasome-website-01\README.md", "Markdown", 0, 0, 0, 0, 42, 0, 0, 0, 49, 22, 113
"c:\Users\awa\Documents\coding\awasome-website-01\engine\11ty-plugin-image.ts", "TypeScript", 0, 0, 131, 0, 0, 0, 0, 0, 34, 32, 197
"c:\Users\awa\Documents\coding\awasome-website-01\engine\11ty-plugin-sass.ts", "TypeScript", 0, 0, 41, 0, 0, 0, 0, 0, 49, 15, 105
"c:\Users\awa\Documents\coding\awasome-website-01\engine\11ty-postprocessors.ts", "TypeScript", 0, 0, 33, 0, 0, 0, 0, 0, 14, 11, 58
"c:\Users\awa\Documents\coding\awasome-website-01\engine\11ty-preprocessors.ts", "TypeScript", 0, 0, 41, 0, 0, 0, 0, 0, 8, 10, 59
"c:\Users\awa\Documents\coding\awasome-website-01\engine\build-esbuild.ts", "TypeScript", 0, 0, 49, 0, 0, 0, 0, 0, 5, 15, 69
"c:\Users\awa\Documents\coding\awasome-website-01\engine\build-logger.ts", "TypeScript", 0, 0, 63, 0, 0, 0, 0, 0, 24, 24, 111
"c:\Users\awa\Documents\coding\awasome-website-01\engine\build.ts", "TypeScript", 0, 0, 63, 0, 0, 0, 0, 0, 14, 31, 108
"c:\Users\awa\Documents\coding\awasome-website-01\engine\config.js", "JavaScript", 0, 0, 0, 104, 0, 0, 0, 0, 28, 43, 175
"c:\Users\awa\Documents\coding\awasome-website-01\engine\eleventy.ts", "TypeScript", 0, 0, 61, 0, 0, 0, 0, 0, 15, 18, 94
"c:\Users\awa\Documents\coding\awasome-website-01\engine\kaomoji.js", "JavaScript", 0, 0, 0, 3402, 0, 0, 0, 0, 1, 1, 3404
"c:\Users\awa\Documents\coding\awasome-website-01\engine\sunnymiku.js", "JavaScript", 0, 0, 0, 162, 0, 0, 0, 0, 56, 55, 273
"c:\Users\awa\Documents\coding\awasome-website-01\scripts\ansi.js", "JavaScript", 0, 0, 0, 73, 0, 0, 0, 0, 13, 16, 102
"c:\Users\awa\Documents\coding\awasome-website-01\scripts\merge-to-main.sh", "Shell Script", 0, 0, 0, 0, 0, 74, 0, 0, 33, 23, 130
"c:\Users\awa\Documents\coding\awasome-website-01\scripts\testinghiddenchar.js", "JavaScript", 0, 0, 0, 11, 0, 0, 0, 0, 1, 4, 16
"c:\Users\awa\Documents\coding\awasome-website-01\source\_styles\_base-styles.scss", "SCSS", 0, 48, 0, 0, 0, 0, 0, 0, 0, 7, 55
"c:\Users\awa\Documents\coding\awasome-website-01\source\_styles\_bundled.scss", "SCSS", 0, 7, 0, 0, 0, 0, 0, 0, 6, 2, 15
"c:\Users\awa\Documents\coding\awasome-website-01\source\_styles\_colors.scss", "SCSS", 0, 140, 0, 0, 0, 0, 0, 0, 46, 66, 252
"c:\Users\awa\Documents\coding\awasome-website-01\source\_styles\_fonts.scss", "SCSS", 0, 18, 0, 0, 0, 0, 0, 0, 3, 4, 25
"c:\Users\awa\Documents\coding\awasome-website-01\source\_styles\_functions.scss", "SCSS", 0, 18, 0, 0, 0, 0, 0, 0, 8, 15, 41
"c:\Users\awa\Documents\coding\awasome-website-01\source\_styles\_mixins.scss", "SCSS", 0, 8, 0, 0, 0, 0, 0, 0, 3, 4, 15
"c:\Users\awa\Documents\coding\awasome-website-01\source\_styles\_reset.scss", "SCSS", 0, 77, 0, 0, 0, 0, 0, 0, 25, 12, 114
"c:\Users\awa\Documents\coding\awasome-website-01\source\_styles\_theme.scss", "SCSS", 0, 1, 0, 0, 0, 0, 0, 0, 64, 7, 72
"c:\Users\awa\Documents\coding\awasome-website-01\source\_templates\logo-text.vto", "Vento", 22, 0, 0, 0, 0, 0, 0, 0, 0, 7, 29
"c:\Users\awa\Documents\coding\awasome-website-01\source\_templates\main-base.vto", "Vento", 40, 0, 0, 0, 0, 0, 0, 0, 9, 11, 60
"c:\Users\awa\Documents\coding\awasome-website-01\source\_templates\theme-select.vto", "Vento", 8, 0, 0, 0, 0, 0, 0, 0, 0, 0, 8
"c:\Users\awa\Documents\coding\awasome-website-01\source\awa-util\_gameloop.ts", "TypeScript", 0, 0, 83, 0, 0, 0, 0, 0, 10, 24, 117
"c:\Users\awa\Documents\coding\awasome-website-01\source\awa-util\_inputtracking.ts", "TypeScript", 0, 0, 29, 0, 0, 0, 0, 0, 80, 30, 139
"c:\Users\awa\Documents\coding\awasome-website-01\source\awa-util\_matrix.ts", "TypeScript", 0, 0, 98, 0, 0, 0, 0, 0, 6, 18, 122
"c:\Users\awa\Documents\coding\awasome-website-01\source\awa-util\_updateloop.ts", "TypeScript", 0, 0, 56, 0, 0, 0, 0, 0, 5, 16, 77
"c:\Users\awa\Documents\coding\awasome-website-01\source\awa-util\core.ts", "TypeScript", 0, 0, 95, 0, 0, 0, 0, 0, 30, 48, 173
"c:\Users\awa\Documents\coding\awasome-website-01\source\critical.js", "JavaScript", 0, 0, 0, 0, 0, 0, 0, 0, 28, 14, 42
"c:\Users\awa\Documents\coding\awasome-website-01\source\index.html", "Vento", 34, 0, 0, 0, 0, 0, 0, 0, 12, 22, 68
"c:\Users\awa\Documents\coding\awasome-website-01\source\main.scss", "SCSS", 0, 89, 0, 0, 0, 0, 0, 0, 17, 33, 139
"c:\Users\awa\Documents\coding\awasome-website-01\source\main.ts", "TypeScript", 0, 0, 83, 0, 0, 0, 0, 0, 16, 41, 140
"c:\Users\awa\Documents\coding\awasome-website-01\source\modules\progressive_image_loading\core.js", "JavaScript", 0, 0, 0, 24, 0, 0, 0, 0, 2, 7, 33
"c:\Users\awa\Documents\coding\awasome-website-01\source\pages\color-preview\colors.scss", "SCSS", 0, 34, 0, 0, 0, 0, 0, 0, 4, 12, 50
"c:\Users\awa\Documents\coding\awasome-website-01\source\pages\color-preview\index.html", "Vento", 19, 0, 0, 0, 0, 0, 0, 0, 1, 5, 25
"c:\Users\awa\Documents\coding\awasome-website-01\source\pages\color-preview\main.js", "JavaScript", 0, 0, 0, 2, 0, 0, 0, 0, 10, 3, 15
"c:\Users\awa\Documents\coding\awasome-website-01\source\pages\color-preview\main.scss", "SCSS", 0, 30, 0, 0, 0, 0, 0, 0, 0, 8, 38
"c:\Users\awa\Documents\coding\awasome-website-01\source\pages\imagetotext\index.html", "Vento", 70, 0, 0, 0, 0, 0, 0, 0, 59, 20, 149
"c:\Users\awa\Documents\coding\awasome-website-01\source\pages\imagetotext\main.scss", "SCSS", 0, 248, 0, 0, 0, 0, 0, 0, 135, 61, 444
"c:\Users\awa\Documents\coding\awasome-website-01\source\pages\imagetotext\main.ts", "TypeScript", 0, 0, 160, 0, 0, 0, 0, 0, 31, 62, 253
"c:\Users\awa\Documents\coding\awasome-website-01\source\pages\override.11tydata.js", "JavaScript", 0, 0, 0, 7, 0, 0, 0, 0, 45, 7, 59
"c:\Users\awa\Documents\coding\awasome-website-01\source\pages\templatepage\index.html", "Vento", 13, 0, 0, 0, 0, 0, 0, 0, 1, 6, 20
"c:\Users\awa\Documents\coding\awasome-website-01\source\pages\templatepage\main.scss", "SCSS", 0, 8, 0, 0, 0, 0, 0, 0, 10, 7, 25
"c:\Users\awa\Documents\coding\awasome-website-01\source\pages\templatepage\main.ts", "TypeScript", 0, 0, 2, 0, 0, 0, 0, 0, 0, 2, 4
"Total", "-", 432, 1271, 3102, 6394, 42, 74, 2, 43, 4095, 2499, 17954